No,公開日,曜日,時刻,セット,種別,テーマ,リンク有無,本文
1,2026-10-05,月,21:30,1,共感,眠る：夜中に目が覚める,なし,"最近、夜中の2時とか3時にパッと目が覚めること、ない？

・寝つきは悪くないのに2〜3時間で目が覚める
・そこから朝まで、ずっと浅い眠りのまま

わかる、私もそうだった。
しかも悩みがあるわけでもないから、よけいに不安になるんよね。

これね、女性ホルモンのゆらぎが関係してるって言われてる。
ホルモンは体温や眠りの深さの調整もしてるから、
その波が揺れると「眠りをキープする力」が落ちやすいんだって。

だから気合いが足りないとか、そういう話じゃないんだよ🥺

今日やってみてほしいのはひとつだけ。
寝る1時間前に、部屋の照明をひとつ消してみて。

プレ更年期・ゆらぎ世代についてまとめた固定投稿も見てね✨
気になることがあったらプロフィールからどうぞ"
2,2026-10-06,火,21:30,1,紹介,眠る：夜中に目が覚める,あり（要差し替え）,"昨日の「夜中に目が覚める」投稿、
「私もそう」って言ってくれた人がすごく多くてびっくりした🥹

ひとりだと不安になるやつだよね。

私がいろいろ試して、唯一「あ、ちょっと違う」って思えたのは
体を温めるんじゃなくて、目を温めることだった。

・蒸気タイプのホットアイマスク
・マグネシウム入りの入浴剤
・寝る1時間前に照明をひとつ消す

ひとつだけ選ぶならアイマスクかな。
何もしなくていいのが、疲れてる日にはちょうどいいんよ。

使ってるのはこれ👇（※PR）
{{ここにアフィリリンク}}

プレ更年期・ゆらぎ世代についてまとめた固定投稿も見てね✨
気になることがあったらプロフィールからどうぞ"
3,2026-10-07,水,21:30,2,共感,食べる：朝ごはんが入らない,なし,"朝、お腹は空いてないのに体だけだるい日、ない？

・とりあえずコーヒーだけ飲んで家を出る
・10時半くらいにガクッとくる

あるあるだよね。私も長いことこれだった。

朝に食欲が出にくいのは、自律神経（体を自動で調整してる仕組み）の
切り替えがうまくいってないことが多いみたい。
ゆらぎ世代はここがブレやすいんだって。

食べられない自分を責めなくていいよ🥹

今日からできること、ひとつだけ。
コップ1杯の白湯から始めてみて。
胃が動き出すと、食べられる日が増えてくるかも。

プレ更年期・ゆらぎ世代についてまとめた固定投稿も見てね✨
気になることがあったらプロフィールからどうぞ"
4,2026-10-08,木,21:30,2,紹介,食べる：朝ごはんが入らない,あり（要差し替え）,"朝ごはんが入らない日の、私の逃げ道を置いとくね。

共通してるのは「調理しない」こと。
頑張って作るより、続くほうが勝ちだと思ってる🥹

・オートミール＋お湯＋インスタント味噌汁（2分）
・たんぱく質入りの粉末スープ（お湯だけ）
・冷凍の具だくさんスープ

ひとつだけ選ぶなら粉末スープかな。
朝の自分に期待しない設計にしておくのがコツなんよ。

常備してるのはこれ👇（※PR）
{{ここにアフィリリンク}}

プレ更年期・ゆらぎ世代についてまとめた固定投稿も見てね✨
気になることがあったらプロフィールからどうぞ"
5,2026-10-09,金,21:30,3,共感,動く：運動しなきゃの罪悪感,なし,"「運動しなきゃ」って思いながら今日も1日終わった、ない？

・ジムの会費は払ってる
・ウェアも買った
・でも仕事終わりの体に、もう残ってない

わかる。私もウェアだけ増えてった🥺

ゆらぎ世代は、ホルモンの波で疲れの回復が前より遅くなることがあるんだって。
体力が落ちたんじゃなくて、戻るのに時間がかかるようになっただけ。

だから「30分できない自分」を責めなくていいよ。

今日やるのはこれだけ。
お風呂上がりに、前ももを30秒伸ばす。
それだけで夜の体の重さが変わるかも。

プレ更年期・ゆらぎ世代についてまとめた固定投稿も見てね✨
気になることがあったらプロフィールからどうぞ"
6,2026-10-10,土,21:30,3,紹介,動く：運動しなきゃの罪悪感,あり（要差し替え）,"「運動」をやめて「ちょっと動く」に変えたら続いたんよ。

コツは、準備をなくすこと。
たたむと二度と敷かないから、出しっぱなしにしてる🥹

・テレビの前に敷きっぱなしのヨガマット
・机の横に置く踏み台
・お風呂上がり3分のストレッチ動画を1本だけ決める

ひとつだけ選ぶならヨガマット。
厚手だと膝が痛くないから、続けやすいよ。

使ってるのはこれ👇（※PR）
{{ここにアフィリリンク}}

プレ更年期・ゆらぎ世代についてまとめた固定投稿も見てね✨
気になることがあったらプロフィールからどうぞ"
7,2026-10-11,日,21:30,4,共感,いたわる：理由もなくイライラする,なし,"たいしたことじゃないのに、言い方がきつくなっちゃう日、ない？

・家族に当たって、夜ひとりで落ち込む
・「私、こんな人だったっけ」って思う

わかるよ。私もそうだった🥹

エストロゲン（女性ホルモンのひとつ）には
気持ちを穏やかに保つ働きもあって、
その量が揺れると感情の波も大きくなりやすいんだって。

性格が悪くなったわけじゃないんだよ。

今日やってみてほしいのはひとつ。
イラっとしたら、その場で3回だけ長く息を吐いてみて。
吸うより吐くほうが、体は落ち着きやすいんよ。

プレ更年期・ゆらぎ世代についてまとめた固定投稿も見てね✨
気になることがあったらプロフィールからどうぞ"
8,2026-10-12,月,21:30,4,紹介,いたわる：理由もなくイライラする,あり（要差し替え）,"「自分のせいにしない」ために私がやってること。

一番よかったのは、自分のゆらぎ具合をなんとなく知れたことだった。
郵送でできる検査キットを一度やってみたんよ🥹

・夜はカフェインをやめてカモミールのお茶に
・その日あったことを3行だけ書く
・女性ホルモン系の検査キットを一度やってみる

ひとつだけ選ぶなら検査かな。
「気のせいじゃなかった」ってわかるだけで、だいぶ軽くなるよ。
診断するものじゃないから、気楽にどうぞ。

使ったのはこれ👇（※PR）
{{ここにアフィリリンク}}

プレ更年期・ゆらぎ世代についてまとめた固定投稿も見てね✨
気になることがあったらプロフィールからどうぞ"
9,2026-10-13,火,21:30,5,共感,食べる：夕方の甘いもの,なし,"夕方4時になると、急に甘いものが欲しくなること、ない？

・引き出しのチョコに手が伸びる
・食べ終わってからちょっと後悔する
・最近、肌のゴワつきも気になってきた

あるあるだよね🥺

あれ、意志の弱さじゃなくて
血糖値（血の中の糖の量）が下がってるサインのことが多いんだって。
お昼が軽すぎると、夕方に体が糖を欲しがるんよ。

我慢しなくていいよ。

今日からできること、ひとつだけ。
お昼に、たんぱく質（肉・魚・卵・豆）をひと品足してみて。

プレ更年期・ゆらぎ世代についてまとめた固定投稿も見てね✨
気になることがあったらプロフィールからどうぞ"
10,2026-10-14,水,21:30,5,紹介,食べる：夕方の甘いもの,あり（要差し替え）,"夕方の「甘いもの欲」、禁止じゃなくて置き換えで落ち着いたんよ。

我慢って続かないもんね🥹
だから引き出しの中身だけ変えた。

・小分けのミックスナッツ
・高カカオのチョコをひとかけ
・まず無糖の炭酸水を1杯

ひとつだけ選ぶならナッツ。
小分けじゃないと一袋いくから、そこは自分を信じてない。

常備してるのはこれ👇（※PR）
{{ここにアフィリリンク}}

プレ更年期・ゆらぎ世代についてまとめた固定投稿も見てね✨
気になることがあったらプロフィールからどうぞ"
11,2026-10-15,木,21:30,6,共感,眠る：寝ても疲れが取れない,なし,"7時間寝たのに朝しんどい、ってこと、ない？

・週末に寝だめしても回復しない
・寝た気がしないまま月曜が来る

わかる。私もこれで「もう年かな」って落ち込んだ🥺

でもこれ、睡眠時間じゃなくて眠りの深さの問題かもしれないんよ。
ゆらぎ世代は夜中の体温調整が揺れやすくて、
深い眠りが短くなりやすいんだって。

量を増やすより、質を整えるほうが近道かも。

今日やるのはひとつだけ。
寝る90分前に、お風呂を済ませてみて。

プレ更年期・ゆらぎ世代についてまとめた固定投稿も見てね✨
気になることがあったらプロフィールからどうぞ"
12,2026-10-16,金,21:30,6,紹介,眠る：寝ても疲れが取れない,あり（要差し替え）,"「寝る環境」を少しだけ変えたら、朝が変わったんよ。

どれも共通してるのは、自分が何もしなくていいこと。
着るだけ、寝るだけで済むのがありがたい🥹

・高さを調整できる枕
・部屋着をリカバリーウェアに変える
・少し重みのあるブランケット

ひとつだけ選ぶなら枕かな。
ここが合うだけで、朝の首の重さが違ったよ。
返品できるところで買うと安心。

使ってるのはこれ👇（※PR）
{{ここにアフィリリンク}}

プレ更年期・ゆらぎ世代についてまとめた固定投稿も見てね✨
気になることがあったらプロフィールからどうぞ"
13,2026-10-17,土,21:30,7,共感,動く：肩と首がガチガチ,なし,"夕方、首を回したら「ゴリッ」って鳴ること、ない？

・肩が耳の高さまで上がってる
・頭の重さまでセットでくる日がある

あるあるだよね🥺

パソコンとスマホで前のめりが続くと、
首のうしろがずっと力んだままになる。
しかもゆらぎ世代は血のめぐりが落ちやすくて、
固まったまま戻りにくいんだって。

マッサージに行く余力がない日もあるよね。

今日やるのはこれだけ。
両肩をぎゅっと上げて、ストンと落とす。3回でいいよ。

プレ更年期・ゆらぎ世代についてまとめた固定投稿も見てね✨
気になることがあったらプロフィールからどうぞ"
14,2026-10-18,日,21:30,7,紹介,動く：肩と首がガチガチ,あり（要差し替え）,"肩まわりのために、家に置いてるものを並べとくね。

ポイントは「ついで」にできること。
時間をつくらないと使えないものは、結局使わなかった🥹

・ストレッチポール（乗って深呼吸するだけ）
・充電式のネックマッサージャー
・レンジで温めるネックピロー

ひとつだけ選ぶならポール。
乗るだけで胸が開いて、呼吸がラクになるんよ。

使ってるのはこれ👇（※PR）
{{ここにアフィリリンク}}

プレ更年期・ゆらぎ世代についてまとめた固定投稿も見てね✨
気になることがあったらプロフィールからどうぞ"
15,2026-10-19,月,21:30,8,共感,いたわる：冷えるのに顔だけ熱い,なし,"手足は冷たいのに、顔だけ急に熱くなること、ない？

・会議中にひとりだけ汗をかいてる
・「暑いですか？」って聞かれて気まずい

わかる、私もそうだった🥺

これは体温を調整する働きが揺れてるサイン。
ホルモンの波で、血管を広げたり縮めたりする指令が
乱れやすくなるんだって。

自分の体なのに他人みたいに感じる日、あるよね。

今日やるのはひとつ。
上は脱ぎ着できる1枚、下は温める。
これだけ意識してみて。

プレ更年期・ゆらぎ世代についてまとめた固定投稿も見てね✨
気になることがあったらプロフィールからどうぞ"
16,2026-10-20,火,21:30,8,紹介,いたわる：冷えるのに顔だけ熱い,あり（要差し替え）,"「脱ぎ着で乗り切る」のが、私には一番ラクだった。

上は涼しく、下は温かく。
これだけでしんどい日の差が小さくなったんよ🥹

・薄手の腹巻きとレッグウォーマー
・職場に置きっぱなしのカーディガン1枚
・夜は炭酸系の入浴剤でぬるめのお湯に15分

ひとつだけ選ぶなら腹巻き。
薄手じゃないと服に響くから、そこだけ気をつけてね。

使ってるのはこれ👇（※PR）
{{ここにアフィリリンク}}

プレ更年期・ゆらぎ世代についてまとめた固定投稿も見てね✨
気になることがあったらプロフィールからどうぞ"
17,2026-10-21,水,21:30,9,共感,食べる：とにかく疲れやすい,なし,"疲れの戻りが遅くなった気がすること、ない？

・金曜の疲れが日曜の夜まで残ってる
・生理の周期も、前より短くなったり伸びたり

わかる。私も「なんかおかしいな」が続いてた🥺

ゆらぎ世代は周期が揺れやすくて、
そのぶん鉄やたんぱく質が足りなくなりがちなんだって。

体力が落ちたんじゃなくて、
材料が足りてないだけかもしれないよ。

今日からできること、ひとつだけ。
朝か昼に、たんぱく質をこぶし1個分だけ足してみて。

プレ更年期・ゆらぎ世代についてまとめた固定投稿も見てね✨
気になることがあったらプロフィールからどうぞ"
18,2026-10-22,木,21:30,9,紹介,食べる：とにかく疲れやすい,あり（要差し替え）,"がんばらずに「材料」を足す方法、置いとくね。

自炊を増やすんじゃなくて、
買い置きを変えるだけにしたら続いたんよ🥹

・朝のコーヒーをソイプロテインに（週2〜3でOK）
・鉄分のサプリをひとつ
・サバ缶・ちくわ・ゆで卵を切らさない

ひとつだけ選ぶならプロテインかな。
最初は小さいサイズで、味の相性を見てからがいいよ。
合わなかったらやめていいからね。

飲んでるのはこれ👇（※PR）
{{ここにアフィリリンク}}

プレ更年期・ゆらぎ世代についてまとめた固定投稿も見てね✨
気になることがあったらプロフィールからどうぞ"
19,2026-10-23,金,21:30,10,共感,いたわる：休むのが下手,なし,"予定のない休日が、なんだか落ち着かないこと、ない？

・洗濯、買い出し、たまった連絡で埋めちゃう
・埋めれば安心するのに、月曜にはもう疲れてる

あるあるだよね🥹

休むのが下手なんじゃなくて、
「止まると不安になるクセ」がついてるだけ。
ゆらぎ世代は気持ちの波も大きくなりやすいから、
よけいに動いて埋めたくなるんよ。

今日やってみてほしいのはひとつ。
カレンダーに「何もしない」って先に書いてみて。
予定にしちゃえば、守れるようになるかも。

プレ更年期・ゆらぎ世代についてまとめた固定投稿も見てね✨
気になることがあったらプロフィールからどうぞ"
20,2026-10-24,土,21:30,10,紹介,いたわる：休むのが下手,あり（要差し替え）,"「何もしない時間」を気持ちよくするために置いてるもの。

やめるのは難しいけど、置き換えるならできたんよ🥹

・平日用の、香りのいい入浴剤
・冷蔵庫に入れてる冷たいアイピロー
・スマホを別の部屋に置くための小さな目覚まし時計

ひとつだけ選ぶなら目覚まし時計。
スマホが枕元にない夜って、思ったより静かでびっくりするよ。

使ってるのはこれ👇（※PR）
{{ここにアフィリリンク}}

プレ更年期・ゆらぎ世代についてまとめた固定投稿も見てね✨
気になることがあったらプロフィールからどうぞ"
21,2026-10-25,日,21:30,11,共感,生理の周期が揺れてきた,なし,"最近、生理の周期が前とちがうなって思うこと、ない？

・25日で来たり、40日空いたり
・量が急に多い月と、やたら少ない月がある

わかる。私も「なんかおかしいな」が続いてた🥺

ゆらぎ世代は、卵巣のはたらきが少しずつ変わっていく時期。
だから排卵のタイミングがずれて、周期も揺れやすくなるんだって。

おかしくなったんじゃなくて、変わりはじめただけなんよ。

今日やってみてほしいのはひとつ。
カレンダーに、来た日だけメモしてみて。
揺れてる形が見えると、だいぶ落ち着くよ。

プレ更年期・ゆらぎ世代についてまとめた固定投稿も見てね✨
気になることがあったらプロフィールからどうぞ"
22,2026-10-26,月,21:30,12,共感,肌と髪が前と違う,なし,"ファンデがうまくのらない日、増えてない？

・頬だけ乾いて、夕方には粉っぽくなる
・髪が前よりうねる、まとまらない

あるあるだよね🥹

エストロゲン（女性ホルモンのひとつ）には
肌の水分や髪のツヤを保つ働きもあって、
その量が揺れると急にゴワつきやすくなるんだって。

スキンケアをサボったからじゃないんだよ。

今日やるのはこれだけ。
化粧水のあと、手のひらで10秒だけ顔を押さえてみて。
入り方が変わるのがわかるかも。

プレ更年期・ゆらぎ世代についてまとめた固定投稿も見てね✨
気になることがあったらプロフィールからどうぞ"
23,2026-10-27,火,21:30,13,共感,人の名前が出てこない,なし,"話してる途中で、人の名前がスッと出てこないこと、ない？

・「あの人」「あれ」が増えた
・冷蔵庫の前で、何を取りに来たか忘れてる

わかる。私も最初けっこう怖かった🥺

これね、記憶そのものじゃなくて
眠りが浅かったり、ホルモンの波で
頭の処理がゆっくりになってることが多いみたい。

年のせいって決めつけなくていいよ。

今日やるのはひとつ。
思い出せないときは、追いかけるのをやめて10秒待ってみて。
焦らないほうが出てくるんよ。

プレ更年期・ゆらぎ世代についてまとめた固定投稿も見てね✨
気になることがあったらプロフィールからどうぞ"
24,2026-10-28,水,21:30,14,共感,涙が勝手に出る,なし,"ドラマでもないのに、ふいに涙が出ること、ない？

・電車で急にこみあげてくる
・泣いたあと「なんで？」って自分でも戸惑う

わかるよ。私もそうだった🥹

感情を穏やかに保つ働きのあるホルモンが揺れると、
うれしいとか悲しいとかの前に、
先に涙だけ出てくることがあるんだって。

弱くなったわけじゃないんだよ。

今日やってみてほしいのはひとつ。
出そうになったら、止めずにそのまま出しちゃって。
我慢するほうが、あとに残るんよ。

プレ更年期・ゆらぎ世代についてまとめた固定投稿も見てね✨
気になることがあったらプロフィールからどうぞ"
25,2026-10-29,木,21:30,15,共感,「まだ早いよ」って言われる,なし,"この話、まわりにしづらいって思うこと、ない？

・「まだ早いよ」で終わっちゃう
・大げさに思われそうで、言えないままになる

わかる。私もずっとひとりで抱えてた🥺

体の変化が始まる時期って人によってけっこう幅があって、
30代半ばから感じる人もいるんだって。
だから早いんじゃなくて、その人のタイミングなんよ。

誰にも言えてなくても、気のせいじゃないよ。

今日やるのはひとつ。
しんどかった日だけ、スマホのメモに一行残してみて。
あとで自分の味方になってくれるよ。

プレ更年期・ゆらぎ世代についてまとめた固定投稿も見てね✨
気になることがあったらプロフィールからどうぞ"
26,2026-10-30,金,21:30,16,共感,夜になると不安がくる,なし,"夜になると、理由のない不安がくること、ない？

・昼は平気なのに、布団に入ると考えごとが止まらない
・朝には「なんであんなに不安だったんだろう」ってなる

あるあるだよね🥺

夜は体を休ませる側のスイッチが入る時間なんだけど、
ゆらぎ世代はこの切り替えがうまくいかないことがあるんだって。
だから夜だけ、不安が大きく見える。

朝のあなたの感覚のほうが、たいてい正しいよ。

今日やるのはひとつ。
不安が出てきたら、紙に書いて明日に預けてみて。

プレ更年期・ゆらぎ世代についてまとめた固定投稿も見てね✨
気になることがあったらプロフィールからどうぞ"
27,2026-10-31,土,21:30,17,共感,同じ生活なのに体重が落ちない,なし,"同じ生活なのに、体重が落ちなくなったって思うこと、ない？

・食べる量は変えてないのに増える
・前は1週間で戻ったのに、戻らない

わかる、これけっこうショックだよね🥺

ホルモンの変化で、体が脂肪をためておこうとしやすくなる時期なんだって。
筋肉も減りやすいから、同じ量でも燃えにくくなる。

だらけたからじゃないんだよ。

今日やるのはひとつ。
食事を減らすんじゃなくて、たんぱく質をひと品足してみて。
減らす方向だと、もっと燃えにくくなるんよ。

プレ更年期・ゆらぎ世代についてまとめた固定投稿も見てね✨
気になることがあったらプロフィールからどうぞ"
28,2026-11-01,日,21:30,18,共感,音や人混みがしんどい,なし,"人混みが前よりしんどい、って思うこと、ない？

・スーパーの音がうるさく感じる
・人と会ったあと、ぐったりして動けない

わかる。私も「愛想が悪くなった」って自分を責めてた🥹

体が揺れてる時期は、神経が刺激を強めに受け取ることがあるんだって。
音も光も人も、前と同じ量なのに重く感じる。

性格が変わったわけじゃないんよ。

今日やってみてほしいのはひとつ。
予定のあとに、30分だけ何もしない時間を入れてみて。

プレ更年期・ゆらぎ世代についてまとめた固定投稿も見てね✨
気になることがあったらプロフィールからどうぞ"
29,2026-11-02,月,21:30,19,共感,何もしたくない日がくる,なし,"何もしたくない日が、急にくること、ない？

・休みなのにソファから動けない
・やりたいことがあったのに、気力だけ出てこない

わかる。私もあるよ🥺

意欲って気持ちの問題だけじゃなくて、
ホルモンや眠りの深さにもけっこう引っぱられるんだって。
波があるのが普通なんよ。

サボってるんじゃないよ。

今日やるのはひとつ。
「今日は充電日」って口に出して決めちゃって。
決めると、休んでるのに罪悪感が減るよ。

プレ更年期・ゆらぎ世代についてまとめた固定投稿も見てね✨
気になることがあったらプロフィールからどうぞ"
30,2026-11-03,火,21:30,20,共感,つい自分を責めちゃう,なし,"変わっていく自分に、イラッとすること、ない？

・前はできてたのにって比べちゃう
・できなかった日のことばかり数えてる

わかるよ。私もずっとそうだった🥹

変化の時期って、自分を責める材料がやたら増える。
でも体が揺れてるときに責めても、回復は早くならないんだって。
むしろ余計に疲れるんよ。

できなかったことより、やれたことを数えてみてほしい。

今日やるのはひとつ。
寝る前に、できたことを1個だけ思い出してみて。

プレ更年期・ゆらぎ世代についてまとめた固定投稿も見てね✨
気になることがあったらプロフィールからどうぞ"
